epoch,acc,loss,val_acc,val_loss
0,0.20208333333333334,2.2398003975550336,0.15625,2.304823398590088
1,0.2916666666666667,1.8970630566279094,0.19791666666666666,1.9833028316497803
